,clone,side
1,AACCGGAG_SMAD2_TCTATT,Side2
2,ACAATCTC_KMT2D_CGCGAG,Side2
3,ACAATCTC_KMT2D_TAAACT,Side1
4,AGGCGAGA_GATA4_ATGCCG,Side1
5,AGGCGAGA_GATA4_GACTGG,Side2
6,AGGCGAGA_GATA4_GGACCC,Side2
7,ATCCGTAT_KMT2D_TTTGAC,Side1
8,ATCTCTCA_CHD7_CGGTAG,Side1
9,ATCTCTCA_CHD7_GTGGGG,Side1
10,CAAGAGCC_SMAD2_CATCGT,mixed
11,CACAGATA_GATA4_CTTCGG,mixed
12,CACAGATA_GATA4_GTCTAA,Side2
13,CACAGATA_GATA4_TCGGTA,Side1
14,CACAGATA_GATA4_TTAGTA,Side2
15,CATTCGGC_GATA4_AAAAAT,Side1
16,CATTCGGC_GATA4_AAACCC,Side2
17,CATTCGGC_GATA4_AGGGCG,Side1
18,CATTCGGC_GATA4_CCTCAT,Side2
19,CATTCGGC_GATA4_GACATT,Side2
20,CATTCGGC_GATA4_GAGTGG,Side2
21,CATTCGGC_GATA4_GTATAA,Side1
22,CGTGATGC_NKX2.5_ACAGTG,Side2
23,CGTGATGC_NKX2.5_TCAACC,Side2
24,CTGCAGTA_NKX2.5_CAGGTG,Side2
25,CTGCAGTA_NKX2.5_TGGTGA,Side2
26,CTTCTTTC_CHD7_CTCGCT,Side2
27,GAAGTTCG_SMAD2_ACGAGA,Side2
28,GAAGTTCG_SMAD2_GTCGCG,Side1
29,GAGACCAT_KMT2D_ATTAGT,Side1
30,GCCTGTGT_SCR_ACGGTC,Side2
31,GCGGAACT_SMAD2_AGACTC,Side2
32,GCGGAACT_SMAD2_CTGTTG,Side1
33,GCGGAACT_SMAD2_GGGGGG,Side1
34,TCGGAGCA_KMT2D_AGTGAT,Side1
35,TCGGAGCA_KMT2D_ATATTG,Side2
36,TGATTCAG_NKX2.5_ACCAAG,Side1
37,TGATTCAG_NKX2.5_ATTTCT,Side1
38,TGATTCAG_NKX2.5_GTCACT,Side1
39,TGATTCAG_NKX2.5_TATGAC,Side2
40,TGATTCAG_NKX2.5_TCCTGT,Side1
41,TGGAACTG_B2M_AAGTTG,Side2
42,TGGAACTG_B2M_AGCCTT,Side1
43,TTCGTCAT_CHD7_AGCCCT,Side1
